ID,Section,Testcase name,Sub-case,Pre-condition,Step,Expected output,Priority,Data Ref
TC_001,KB-1 / BR-DB-001,[FUNC] Xem bi·ªÉu ƒë·ªì HA,Happy path - Week view,"1. C01 ƒë√£ k·∫øt n·ªëi P01 2. Permission #1 = ON 3. P01 c√≥ data 7 ng√†y","1. C01 ch·ªçn P01 t·ª´ Profile Switcher 2. Xem Block ""Xu h∆∞·ªõng huy·∫øt √°p""","2.1. Hi·ªÉn th·ªã Line Chart v·ªõi 2 ƒë∆∞·ªùng: T√¢m thu (xanh l√° #2BB89A), T√¢m tr∆∞∆°ng (xanh d∆∞∆°ng #3B82F6) 2.2. Toggle m·∫∑c ƒë·ªãnh = ""Tu·∫ßn"" 2.3. Chip filter = ""T·∫•t c·∫£"" 2.4. Tr·ª•c X = dd/MM (7 ng√†y) 2.5. Tr·ª•c Y = mmHg (range 70-140)",P0,"TD_001-008: Sys 120-135, Dia 78-88, 7 ng√†y li√™n ti·∫øp"
TC_002,KB-1 / BR-DB-001,[FUNC] Xem bi·ªÉu ƒë·ªì HA,Month view,"1. C01 ƒë√£ ch·ªçn P01 2. ƒêang ·ªü Week view","1. Tap toggle ""Th√°ng"" 2. Xem chart","2.1. Chart reload v·ªõi data 30 ng√†y 2.2. Chip reset v·ªÅ ""T·∫•t c·∫£"" 2.3. Tr·ª•c X = dd/MM (spread 30 ng√†y)",P0,DC_003: P01 30 ng√†y data
TC_003,KB-2 / BR-DB-006,[FUNC] Xem chi ti·∫øt ng√†y,Drill-down to hour,"1. ƒêang xem chart Tu·∫ßn 2. Chip ""T·∫•t c·∫£"" active","1. Tap chip ""03/02"" 2. Xem chart","2.1. Chart chuy·ªÉn sang Hour view 2.2. Tr·ª•c X = HH:00 (24h format) 2.3. Hi·ªÉn th·ªã t·∫•t c·∫£ l·∫ßn ƒëo trong ng√†y 03/02 2.4. Chip ""03/02"" active (highlight)",P0,"TD_024: Chip ""03/02"""
TC_004,KB-3 / BR-DB-003,[FUNC] Quay l·∫°i overview,"Tap ""T·∫•t c·∫£""",1. ƒêang xem Hour view ng√†y 03/02,"1. Tap chip ""T·∫•t c·∫£"" 2. Xem chart","2.1. Chart quay l·∫°i Overview mode 2.2. Tr·ª•c X = dd/MM 2.3. Chip ""T·∫•t c·∫£"" active",P0,-
TC_005,KB-4 / BR-DB-002,[FUNC] ƒê·ªïi filter,Tu·∫ßn ‚Üí Th√°ng,1. ƒêang xem Week view,"1. Tap toggle ""Th√°ng""","1.1. Chart reload v·ªõi 30 ng√†y 1.2. Chip reset v·ªÅ ""T·∫•t c·∫£""",P0,"TD_021: Filter ""Th√°ng"""
TC_006,KB-4 / BR-DB-002,[FUNC] ƒê·ªïi filter,Th√°ng ‚Üí Tu·∫ßn,1. ƒêang xem Month view,"1. Tap toggle ""Tu·∫ßn""","1.1. Chart reload v·ªõi 7 ng√†y 1.2. Chip reset v·ªÅ ""T·∫•t c·∫£""",P0,"TD_020: Filter ""Tu·∫ßn"""
TC_007,KB-5 / BR-DB-002,[FUNC] Auto-fallback,Tu·∫ßn empty ‚Üí Th√°ng,"1. C01 ch·ªçn P02 2. P02 kh√¥ng c√≥ data tu·∫ßn, c√≥ data th√°ng",1. Xem Block HA 2. Check default toggle,"2.1. Toggle t·ª± ƒë·ªông ch·ªçn ""Th√°ng"" 2.2. Hi·ªÉn th·ªã data th√°ng (4 ƒëi·ªÉm) 2.3. KH√îNG hi·ªÉn th·ªã empty state",P0,"TD_022, DC_004: P02 no week data"
TC_008,KB-6 / BR-DB-005,[FUNC] Tooltip,Tap data point,1. ƒêang xem chart c√≥ data,1. Tap v√†o 1 ƒëi·ªÉm d·ªØ li·ªáu,"1.1. Hi·ªÉn th·ªã tooltip: ""T2, 03/02: 128/83 mmHg"" 1.2. Format: ""Th·ª©, dd/MM: XXX/YY mmHg""",P1,"TD_001: Sys 128, Dia 83, date 03/02"
TC_009,KB-6 / BR-DB-005,[UI] Tooltip,Dismiss tooltip,1. Tooltip ƒëang hi·ªÉn th·ªã,1. Tap outside tooltip,1. Tooltip ƒë√≥ng l·∫°i,P2,-
TC_010,KB-14 / BR-DB-004,[FUNC] Average,Nhi·ªÅu l·∫ßn ƒëo/ng√†y,1. C01 ch·ªçn P04 2. P04 c√≥ 4 l·∫ßn ƒëo ng√†y 03/02,1. Xem chart Week view 2. Check ƒëi·ªÉm ng√†y 03/02,"2.1. Hi·ªÉn th·ªã 1 ƒëi·ªÉm (average) 2.2. Sys = 131 mmHg ((130+142+128+125)/4) 2.3. Dia = 84 mmHg ((85+90+82+80)/4)",P1,"DC_010: 4 readings: 130,142,128,125 / 85,90,82,80"
TC_011,KB-14 / BR-DB-004,[FUNC] Average,2 l·∫ßn ƒëo/ng√†y,1. P04 c√≥ 2 l·∫ßn ƒëo ng√†y 02/02,"1. Tap chip ""02/02"" 2. Xem Hour view","2.1. Hi·ªÉn th·ªã 2 ƒëi·ªÉm ri√™ng bi·ªát (07:00 v√† 19:00) 2.2. Point 1: 132/84 2.3. Point 2: 138/88",P1,"DC_011: 2 readings: 132,138 / 84,88"
TC_012,KB-14 / BR-DB-004,[FUNC] Average,1 l·∫ßn ƒëo/ng√†y,1. P01 c√≥ 1 l·∫ßn ƒëo ng√†y 01/02,1. Check ƒëi·ªÉm ng√†y 01/02,"1.1. Hi·ªÉn th·ªã 128/82 (no average, direct value)",P1,DC_012: 1 reading: 128/82
TC_013,KB-7 / BR-RPT-001,[FUNC] Danh s√°ch b√°o c√°o,Hi·ªÉn th·ªã block,1. P01 c√≥ 5 b√°o c√°o (2 unread),"1. Xem Dashboard 2. Check Block ""B√°o c√°o s·ª©c kh·ªèe""","2.1. Hi·ªÉn th·ªã t·ªëi ƒëa 3 b√°o c√°o ch∆∞a ƒë·ªçc m·ªõi nh·∫•t 2.2. Badge ƒë·ªè = ""2"" 2.3. Button ""Xem th√™m""",P1,"TD_033-036: 5 reports, 2 unread"
TC_014,KB-7 / BR-RPT-001,[FUNC] Danh s√°ch b√°o c√°o,Nhi·ªÅu unread,1. P06 c√≥ 10 unread reports,1. Xem Dashboard 2. Check Block,"2.1. Hi·ªÉn th·ªã 3 b√°o c√°o m·ªõi nh·∫•t 2.2. Text: ""C√≤n 7 b√°o c√°o kh√°c ch∆∞a ƒë·ªçc"" 2.3. Badge = ""10""",P1,"TD_037, DC_014: 10+ unread"
TC_015,KB-7 / BR-RPT-002,[FUNC] M·ªü danh s√°ch,Navigate,1. ƒêang xem Dashboard,"1. Tap ""Xem th√™m"" trong Block B√°o c√°o","1.1. Navigate to SCR-REPORT-LIST 1.2. Header: ""B√°o c√°o s·ª©c kh·ªèe c·ªßa [M·∫π]"" 1.3. Toggle: Tu·∫ßn (default), Th√°ng",P1,-
TC_016,KB-7 / BR-RPT-002,[UI] Badge unread,B√°o c√°o ch∆∞a ƒë·ªçc,1. ƒêang ·ªü SCR-REPORT-LIST,1. Xem list b√°o c√°o,"1.1. B√°o c√°o unread c√≥: ‚óè ƒë·ªè tr√™n icon + Vi·ªÅn tr√°i xanh 1.2. B√°o c√°o read: Kh√¥ng c√≥ marker",P1,TD_035: Unread = false ‚Üí badge
TC_017,KB-8 / BR-DB-008,[FUNC] Chi ti·∫øt b√°o c√°o,M·ªü b√°o c√°o,1. ƒêang ·ªü SCR-REPORT-LIST,"1. Tap ""B√°o c√°o Tu·∫ßn 5 - 2026""",1.1. Navigate to chi ti·∫øt b√°o c√°o 1.2. Hi·ªÉn th·ªã T·∫§T C·∫¢ sections 1.3. UI gi·ªëng Patient view,P1,-
TC_018,KB-9 / BR-DB-009,[FUNC] Empty HA,Kh√¥ng c√≥ data,1. C02 ch·ªçn P03 2. P03 kh√¥ng c√≥ data HA,1. Xem Block HA,"1.1. Hi·ªÉn th·ªã empty state: Title: ""Bi·ªÉu ƒë·ªì bi·ªÉu di·ªÖn huy·∫øt √°p"" + Kolia mascot + Message: ""[B√† ngo·∫°i] ch∆∞a c√≥ l·∫ßn ƒëo n√†o trong kho·∫£ng th·ªùi gian n√†y.""",P0,"ES_001, TD_030: Danh x∆∞ng ""B√† ngo·∫°i"""
TC_019,KB-9 / BR-DB-009,[FUNC] Empty HA,Danh x∆∞ng kh√°c,"1. P01 t·∫°m th·ªùi kh√¥ng c√≥ data 2. Danh x∆∞ng = ""M·∫π""",1. Xem Block HA,"1.1. Message: ""[M·∫π] ch∆∞a c√≥ l·∫ßn ƒëo n√†o trong kho·∫£ng th·ªùi gian n√†y.""",P1,"ES_002, TD_028: Danh x∆∞ng ""M·∫π"""
TC_020,KB-10 / BR-DB-010,[FUNC] Empty b√°o c√°o,User m·ªõi,"1. C04 ch·ªçn P05 2. P05 l√† user m·ªõi, ch∆∞a c√≥ b√°o c√°o","1. Tap ""Xem th√™m"" b√°o c√°o 2. Xem SCR-REPORT-LIST","2.1. Hi·ªÉn th·ªã empty state 2.2. Message: ""Ch∆∞a c√≥ b√°o c√°o n√†o. B√°o c√°o s·∫Ω ƒë∆∞·ª£c t·∫°o t·ª± ƒë·ªông theo l·ªãch ƒë·ªãnh k·ª≥.""",P1,ES_003: New user report
TC_021,KB-11 / BR-DB-011,[FUNC] Permission OFF,Block ·∫©n,1. C02 ƒë√£ k·∫øt n·ªëi P03 2. Permission #1 = OFF,1. Xem Dashboard c·ªßa P03,"1.1. Block ""Xu h∆∞·ªõng huy·∫øt √°p"" KH√îNG hi·ªÉn th·ªã 1.2. Button ""Xem b√°o c√°o"" KH√îNG hi·ªÉn th·ªã 1.3. C√°c block kh√°c (n·∫øu c√≥) v·∫´n hi·ªÉn th·ªã",P0,"TD_026, DC_008: Permission OFF"
TC_022,KB-11 / SEC-DB-001,[SEC] API Auth,Check server-side,1. Permission #1 = OFF,1. Call API /patients/{id}/health-overview,1.1. API return 403 Forbidden,P0,-
TC_023,KB-12 / SEC-DB-002,[SEC] Permission revoke,Mid-session,1. C03 ƒëang xem Dashboard P01 2. Permission #1 = ON,1. [Backend] P01 t·∫Øt Permission #1 2. C03 th·ª±c hi·ªán action refresh,"2.1. API return 403 2.2. Hi·ªÉn th·ªã Toast: ""Quy·ªÅn truy c·∫≠p ƒë√£ thay ƒë·ªïi"" 2.3. Block HA bi·∫øn m·∫•t kh·ªèi UI",P0,TD_027: ON ‚Üí OFF revoke
TC_024,KB-13 / -,[FUNC] Switch patient,P01 ‚Üí P02,1. C01 ƒëang xem P01 (Week view) 2. C01 c≈©ng theo d√µi P02,1. M·ªü Profile Switcher 2. Ch·ªçn P02,"2.1. Dashboard reload v·ªõi data P02 2.2. Toggle auto-select ""Th√°ng"" (fallback) 2.3. P01 view state cached",P0,DC_016-017: C01 multi-patient
TC_025,KB-13 / -,[FUNC] Switch patient,P02 ‚Üí P01 (restore),1. C01 ƒëang xem P02 2. Tr∆∞·ªõc ƒë√≥ xem P01 Week view,1. Switch back to P01,"1.1. Restore Week view (cached) 1.2. Chip ""T·∫•t c·∫£"" restored 1.3. Data P01 displayed",P0,DC_018: Switch back restore
TC_026,KB-13 / -,[FUNC] Default view,First-time,"1. C05 m·ªõi login 2. C05 theo d√µi P01, P04, P06 3. selectedPatient = null",1. Xem SCR-01 Dashboard,"1.1. Hi·ªÉn th·ªã ""Default View Prompt"" 1.2. Icon üëã + Title: ""Ch·ªçn ng∆∞·ªùi th√¢n ƒë·ªÉ b·∫Øt ƒë·∫ßu"" 1.3. CTA: ""üìã Xem danh s√°ch ng∆∞·ªùi th√¢n"" 1.4. Link ""Ng·ª´ng theo d√µi"" ·∫®N",P1,-
TC_027,- / BR-DB-001,[BOUNDARY] BP values,Systolic min,1. P c√≥ reading sys = 60,1. Xem chart,1.1. ƒêi·ªÉm hi·ªÉn th·ªã t·∫°i Y = 60,P2,TD_004: BMin = 60
TC_028,- / BR-DB-001,[BOUNDARY] BP values,Systolic max,1. P c√≥ reading sys = 250,1. Xem chart,1.1. ƒêi·ªÉm hi·ªÉn th·ªã t·∫°i Y = 250 1.2. Y-axis auto-scale,P2,TD_005: BMax = 250
TC_029,- / BR-DB-001,[BOUNDARY] BP values,Diastolic min,1. P c√≥ reading dia = 40,1. Xem chart,1.1. ƒêi·ªÉm hi·ªÉn th·ªã t·∫°i Y = 40,P2,TD_009: BMin = 40
TC_030,- / BR-DB-001,[BOUNDARY] BP values,Diastolic max,1. P c√≥ reading dia = 150,1. Xem chart,1.1. ƒêi·ªÉm hi·ªÉn th·ªã t·∫°i Y = 150,P2,TD_010: BMax = 150
TC_031,- / -,[BOUNDARY] Date,Week boundary,1. P07 c√≥ data ng√†y 28/01 (7th day),1. Xem Week view,1.1. Ng√†y 28/01 hi·ªÉn th·ªã trong Week 1.2. Ng√†y 27/01 c≈©ng hi·ªÉn th·ªã,P2,TD_014: Week boundary
TC_032,- / -,[BOUNDARY] Time,Midnight,1. P c√≥ reading l√∫c 00:00,1. Tap chip xem Hour view,1.1. ƒêi·ªÉm hi·ªÉn th·ªã t·∫°i X = 00:00,P2,TD_018: Edge midnight
TC_033,- / -,[BOUNDARY] Time,End of day,1. P c√≥ reading l√∫c 23:59,1. Tap chip xem Hour view,1.1. ƒêi·ªÉm hi·ªÉn th·ªã t·∫°i X = 23:00 (rounded),P2,TD_019: Edge end day
TC_034,- / -,[FUNC] BP Target,So s√°nh ng∆∞·ª°ng,1. P01 c√≥ target 110-129/60-79 2. P01 c√≥ reading 135/88,1. Xem chart 2. Check ƒëi·ªÉm 30/01,"2.1. ƒêi·ªÉm 135/88 hi·ªÉn th·ªã tr√™n chart 2.2. KH√îNG c√≥ indicator v∆∞·ª£t ng∆∞·ª°ng tr√™n UI (ch·ªâ hi·ªÉn th·ªã trong Report)",P1,TD_038-041: BP targets
TC_035,- / BR-029,[FUNC] Danh x∆∞ng,"Relationship ""khac""","1. Relationship = ""khac"" 2. H·ªç t√™n = ""Nguy·ªÖn VƒÉn A""",1. Xem Empty state,"1.1. Danh x∆∞ng = ""Ng∆∞·ªùi th√¢n"" (kh√¥ng ph·∫£i ""Kh√°c"") 1.2. Display: ""Ng∆∞·ªùi th√¢n (Nguy·ªÖn VƒÉn A)""",P1,"TD_031: Relationship ""khac"""
TC_036,- / -,[BOUNDARY] Danh x∆∞ng,Long name,"1. Danh x∆∞ng = ""B√† ngo·∫°i h·ªç Nguy·ªÖn"" (>20 chars)",1. Xem UI,1.1. Text truncate ho·∫∑c wrap,P2,TD_032: Long danh xung
TC_037,- / BR-DB-003,[UI] Day chips,Swipe horizontal,1. C√≥ nhi·ªÅu ng√†y trong chart,1. Swipe chips horizontally,1.1. Chips scroll smoothly 1.2. Th·ª© t·ª±: c≈© ‚Üí m·ªõi (left to right),P1,-
TC_038,- / -,[UI] Chart legend,Hi·ªÉn th·ªã legend,1. ƒêang xem chart,1. Check legend,1.1. Legend: ‚óè T√¢m thu (xanh l√°) + ‚óè T√¢m tr∆∞∆°ng (xanh d∆∞∆°ng),P2,-
TC_039,- / -,[UI] Profile Selector,Hi·ªÉn th·ªã info,1. C01 ƒë√£ ch·ªçn P01,1. Check Profile Selector,"1.1. Avatar P01 1.2. T√™n: ""M·∫π (Nguy·ªÖn Th·ªã Hoa)"" 1.3. Last active: ""Ho·∫°t ƒë·ªông 10 ph√∫t tr∆∞·ªõc""",P1,-
TC_040,- / -,[UI] Toggle,Active state,"1. Toggle ""Tu·∫ßn"" active",1. Check UI,"1.1. ""Tu·∫ßn"" highlighted (background color) 1.2. ""Th√°ng"" muted",P2,-
TC_041,- / -,[UI] Block header,Title display,1. Block HA visible,1. Check header,"1.1. Title: ""Xu h∆∞·ªõng huy·∫øt √°p"" 1.2. Toggle right-aligned",P2,-
TC_042,- / -,[UI] Stop follow link,Visibility,1. selectedPatient = P01 2. emptyState = hidden,1. Check footer,"1.1. Link ""Ng·ª´ng theo d√µi"" hi·ªÉn th·ªã 1.2. Style: text link, m√†u x√°m",P1,-
TC_043,KB-4 / BR-RPT-002,[UI] Filter switch,No toast,1. ƒêang ·ªü SCR-REPORT-LIST 2. Filter = Tu·∫ßn,"1. Tap toggle ""Th√°ng""","1.1. List reload v·ªõi report Th√°ng 1.2. KH√îNG hi·ªÉn th·ªã Toast 1.3. Toggle ""Th√°ng"" active",P1,-
TC_044,- / -,[PERF] Chart load,Load time,1. C01 ch·ªçn P01 2. P01 c√≥ 30 ng√†y data,"1. Tap toggle ""Th√°ng"" 2. ƒêo th·ªùi gian load",2.1. Chart render ho√†n th√†nh trong < 2 gi√¢y 2.2. Loading indicator hi·ªÉn th·ªã trong khi load,P1,-
TC_045,- / SEC-DB-001,[SEC] XSS Prevention,Danh x∆∞ng injection,"1. Patient c√≥ danh x∆∞ng = `<script>alert(1)</script>`",1. Xem Empty state,"1.1. Text hi·ªÉn th·ªã raw: ""<script>alert(1)</script>"" 1.2. Script KH√îNG execute",P1,-
TC_046,- / -,[FUNC] Dual-tab sync,Concurrent access,1. C01 m·ªü 2 tab Dashboard 2. Tab 1: xem P01,1. Tab 2: switch to P02 2. Tab 1: refresh,2.1. Tab 1 v·∫´n xem P01 2.2. KH√îNG b·ªã sync sang P02,P2,-
TC_047,- / -,[A11Y] Screen reader,Accessibility,1. B·∫≠t VoiceOver/TalkBack,1. Navigate chart b·∫±ng screen reader,"1.1. Chart c√≥ aria-label: ""Bi·ªÉu ƒë·ªì xu h∆∞·ªõng huy·∫øt √°p"" 1.2. Data points c√≥ aria-label v·ªõi gi√° tr·ªã",P2,-
